"Step","dataset: cifar10 shuffle_degree: cifar10 - TEST/x1","dataset: cifar10 shuffle_degree: cifar10 - TEST/x1__MIN","dataset: cifar10 shuffle_degree: cifar10 - TEST/x1__MAX","dataset: cifar10 shuffle_degree: cifar10 - TEST/x2","dataset: cifar10 shuffle_degree: cifar10 - TEST/x2__MIN","dataset: cifar10 shuffle_degree: cifar10 - TEST/x2__MAX","dataset: cifar10 shuffle_degree: cifar10 - TEST/x3","dataset: cifar10 shuffle_degree: cifar10 - TEST/x3__MIN","dataset: cifar10 shuffle_degree: cifar10 - TEST/x3__MAX","dataset: cifar10 shuffle_degree: cifar10 - TEST/x4","dataset: cifar10 shuffle_degree: cifar10 - TEST/x4__MIN","dataset: cifar10 shuffle_degree: cifar10 - TEST/x4__MAX","dataset: cifar10 shuffle_degree: cifar10 - TEST/logits","dataset: cifar10 shuffle_degree: cifar10 - TEST/logits__MIN","dataset: cifar10 shuffle_degree: cifar10 - TEST/logits__MAX"
"0","1","1","1","1","1","1","1","1","1","1","1","1","1","1","1"
"1","0.9801001966242335","0.966910417982366","0.9899685809615123","0.9201725116086132","0.897382556915717","0.9404264704149401","0.7845448734669734","0.7499849419031792","0.8243123488335323","0.5887670794818815","0.5427630585189867","0.6279989251395014","0.1505655028695564","0.09600816785773039","0.2298604830956775"
"2","0.9659834810295609","0.9464710664406626","0.9800391820903296","0.8949191945686128","0.8697936682007817","0.9090536255796642","0.7416735650536153","0.7045913134091817","0.7698184137807439","0.5464454792077387","0.506460558582347","0.5997263523533315","0.1525780125644329","0.09416551428235215","0.273250299586012"
"3","0.9567717232341859","0.9313468554590744","0.9741123161292976","0.8822404001041129","0.8558664154030093","0.9037168288758106","0.7266429616617783","0.6933630890328053","0.7671631513475229","0.5214765951952023","0.456431759614241","0.5677267486911743","0.14199472373039826","0.09157375263709831","0.2300415179707394"
"4","0.9483504571493958","0.9228489897206625","0.9712434275135644","0.8698827823655471","0.8326630105743027","0.8873517130106336","0.7143262899862829","0.6520606744603643","0.7549463258758704","0.5083129428320066","0.4526989867198731","0.5509707521905333","0.13690258116578832","0.08531018264623766","0.2106069464099762"
"5","0.9443160640648768","0.9243460712593563","0.9729620200859764","0.8658515428301734","0.8355904500939089","0.8903347943359393","0.708709557447331","0.6492453242246454","0.7550235405586918","0.503721504605512","0.44737909420030686","0.5612600876302896","0.13789894739713945","0.09365634847134505","0.20604594485321753"
"6","0.9387696231129214","0.9163787167575096","0.9651864465713502","0.8614874804154119","0.8344148683407131","0.8837748325174719","0.7037681806458705","0.6570749579335924","0.7360023036015922","0.4913248124732359","0.41906988266381856","0.537837106602601","0.13349476773488483","0.08657500398630587","0.22069215478092033"
"7","0.9359104029790141","0.9142081068727952","0.9592810523184364","0.857037804706426","0.815465889376073","0.87541447845425","0.6980498271618035","0.619136571491146","0.7480828359731858","0.48607907117165816","0.41128699522138384","0.5482476979383403","0.13187545234505157","0.0814905291601338","0.19503214357557735"
"8","0.930374332800747","0.9069251273346894","0.9568503579132996","0.8500771467000907","0.8184231844872882","0.8730536151148826","0.6919469169849828","0.6173936386452664","0.7432637849937072","0.48241623069047346","0.4189540357131597","0.5398928631476981","0.13157587079015787","0.08013730354845008","0.21747916791837268"
"9","0.9284141126474852","0.9065510431130083","0.9496489209634471","0.8488527861009538","0.8199507460663124","0.8662331815359119","0.6897997874519983","0.647860998320193","0.736686062885723","0.47671932267560474","0.42040312776798444","0.527883904009261","0.13481379695227227","0.0826552822764531","0.2256060884743418"
"10","0.9226793881125711","0.8990697954974594","0.9489227798912867","0.8457163163788646","0.8221358193425911","0.8661001577990662","0.6888094317656038","0.622851856756701","0.7323443804243892","0.4778145069029578","0.4119434354930214","0.5352648899620179","0.13260077485704813","0.08134155621725193","0.21304630434046187"
"11","0.9253479024752151","0.9076273528664767","0.9489281016994462","0.8494692724002235","0.8036293158682699","0.8699640041500322","0.6904668596257129","0.6253907689567384","0.7223260365981947","0.47794653796044173","0.43473559546493623","0.5185014305096779","0.12996818765504634","0.09970703068181744","0.16468252602563796"
"12","0.9212855066115221","0.8913915866946747","0.9452243546576593","0.8413712341244903","0.8073365465284853","0.8611283136565553","0.6824154505079163","0.6269666877604289","0.7386998448182225","0.4601733183163163","0.4113263218138748","0.5118636589315168","0.12293565731250858","0.08424757446912093","0.15297206030791594"
"13","0.9193428110520049","0.8881684484560552","0.9494493377121517","0.841784572642265","0.8180946742351747","0.8602164506359138","0.6864267606369722","0.6409248914910657","0.7203227626876172","0.4712340279423624","0.43760031456147264","0.514782593408807","0.13132590128247257","0.10407185624311632","0.16049671742512656"
"14","0.9183595850979402","0.8923626584825166","0.9418035654408909","0.8396098800659747","0.7991044483990862","0.8572044504520665","0.6852685630834414","0.6511563953527146","0.7149642959353713","0.4652000009012832","0.4277231351875346","0.5182999737339182","0.13293841515198354","0.1055811542280442","0.15807679082478815"
"15","0.9167816593048572","0.8865659895064193","0.9412234369156429","0.8375000077384342","0.807593500378707","0.8533086857858322","0.6806845866197856","0.6293674708306269","0.722454051190208","0.458268646515248","0.41944437839468013","0.5153160234015333","0.1304217570742569","0.08075415633646157","0.16153055977583305"
"16","0.9164866559432612","0.8854563667675976","0.9404224139364147","0.8380063411831957","0.8187028068602882","0.8596742202575518","0.6831101281123256","0.6255275155648509","0.7312933214294335","0.45811003725065264","0.4076821180751814","0.5175213455012717","0.1268338002715572","0.09756856296463375","0.1672277014861227"
"17","0.9140653600952262","0.889496087348691","0.9339854188697906","0.8344629744555581","0.8107152501753775","0.8531796765434904","0.6801304812891573","0.6281494407169784","0.7236647006594956","0.45684779289927857","0.4113187110557074","0.51285438268663","0.13215009979165915","0.0826294081785971","0.1684897395742832"
"18","0.9107108180925311","0.8819015596564935","0.930495085481992","0.8341269377178859","0.8100410333285593","0.8551954656932","0.6774510676781337","0.6164589270527945","0.7255925813241352","0.4556340706797363","0.3973037260015353","0.5075183595263723","0.13246342168475275","0.09455521134821797","0.18149058440391663"
"19","0.9143155075030803","0.8928668865452727","0.9368117925277687","0.8366776153403078","0.8169462224999755","0.8555372887589292","0.6814333932567417","0.6386657606360708","0.7185452602853615","0.45844288867216243","0.39914185158986154","0.5187760924876167","0.1319300144640912","0.09611696182732576","0.18003575642673467"
"20","0.9105273635592479","0.8836378851403923","0.9316625234596785","0.8339807175363829","0.8094261485753312","0.8588666401388928","0.676570551550057","0.611083200592166","0.7206064940846025","0.45175567433321745","0.3936778012072151","0.5037407288349259","0.13025929007026846","0.09513761566291774","0.17008142438533452"
"21","0.9088985040828124","0.8859407730001096","0.9294620152289165","0.8334158202646066","0.8065270968164888","0.8544415119413111","0.6767230954094948","0.6223359690576596","0.7133693385738666","0.45025472388021515","0.4020877251172343","0.5087200221830811","0.13296111952238548","0.10041116440886094","0.16636124860314172"
"22","0.906893062240868","0.8752934135573334","0.9352818138812642","0.8313929824847406","0.7998034204852635","0.853893640753204","0.6751929975932102","0.6273267754254438","0.7195486419570647","0.44628321287565303","0.39215897360918417","0.516817022126854","0.12863374341791645","0.09649551354121108","0.16319576958413648"
"23","0.9075223532246781","0.8840485522906896","0.9361728206033861","0.8323992127937103","0.8127184386081244","0.8525195923953567","0.6803023918136049","0.627484656991014","0.7109384155978408","0.45348968329786626","0.3973666271502931","0.5040834480713348","0.13530479890544606","0.10014255014062999","0.1788175585532263"
"24","0.908404207029269","0.8831477019820841","0.9265478644679574","0.8318426206326566","0.8046293552519184","0.8540771725186961","0.6776344945632037","0.6265370752608963","0.7214793445943364","0.44948682068916296","0.38999009002675306","0.5110740134239549","0.1307807785994724","0.10331688201797036","0.1615654034794342"
"25","0.904215334501535","0.8820715286805872","0.9286707498816793","0.829090981281017","0.8015132898327676","0.85080619729126","0.6749503819862288","0.6249426107974438","0.7096844246676061","0.44448188726680327","0.38985766730616067","0.5017290573642901","0.12868231695882598","0.10738643702657101","0.15420579448153046"
"26","0.9062803067409824","0.8824870641414209","0.9296196421145515","0.8312370444027911","0.8090988593583559","0.8545039415247229","0.6738123492994451","0.6147922472143436","0.7233934496221066","0.44446932507618975","0.397885328905838","0.5120225767660416","0.13087323873003448","0.10030508595767862","0.16805822461124625"
"27","0.9036632860639966","0.8760322292688112","0.9269192355844297","0.8275230317506661","0.7933207497548294","0.8441084961588222","0.6736920604894745","0.6216440606704994","0.7076984035261651","0.4443042149220696","0.39797389683562917","0.5032897505500565","0.13018251750391024","0.10566741902709575","0.16652715303370547"
"28","0.9044267893007101","0.881035019948694","0.9270471891249447","0.8277116040516039","0.7979697627662061","0.8510043403106979","0.6745664869463167","0.6211724966854055","0.7141085514869445","0.4440700173252171","0.39078697359590836","0.5034434206269385","0.1320787229110585","0.10523627939966536","0.16508289844946983"
"29","0.9054564516104001","0.8835411307198417","0.9285737893126044","0.8318097044798449","0.804357639454804","0.8534831611350527","0.6796267993357593","0.6256837914086937","0.7177906969286529","0.44798338640042684","0.38853677058202757","0.5065307351306604","0.13197316730852018","0.0977742394771554","0.1707147106934435"
"30","0.9007033072993499","0.8710391542696692","0.9234532288971905","0.8255790486221317","0.8017020198860174","0.842601427226457","0.6718252897467283","0.6166397862062775","0.7070642172748169","0.44004897613792976","0.3855038782638927","0.4957541593324328","0.13125811781922583","0.10556723470882794","0.15975887199383879"
"31","0.9007421138563995","0.8764267935435922","0.9198776121609701","0.8317537644140536","0.824582639350396","0.8448561966082624","0.6745116516956082","0.6221847311872803","0.69624160549847","0.43949990536947325","0.38588688690553846","0.49750061179193145","0.12216098709870785","0.09337634105858522","0.16635115120466148"
"32","0.8971770297776095","0.8731688681307285","0.9195643608427579","0.8267463734802597","0.8180438625999116","0.8449558940391015","0.6764824900652464","0.6206363925307057","0.6958108966866474","0.4404809141278073","0.39232660882714177","0.48502434394345745","0.12450347288800576","0.10251795756917115","0.1695995013684899"
"33","0.8987879414207871","0.8694385603011155","0.9240057207002708","0.830133010157606","0.8224637908699816","0.8435451457699217","0.6715732167072695","0.6156395441812236","0.6954498768037934","0.4413088347942498","0.3939986410720854","0.49113345341737386","0.12406294096239914","0.10324199449928695","0.16645161761880295"
"34","0.8974760991770993","0.8727193731076572","0.9185068301868641","0.8308103997199465","0.8222483321451769","0.8477263556272154","0.6721114608147557","0.6099476367508193","0.6951197903878575","0.4393858087991749","0.38627736533606083","0.4841443696230866","0.12473296831471226","0.10621122576735939","0.15898812823181177"
"35","0.8994214143196846","0.8773352830710338","0.9226118861796202","0.8314351627989056","0.8267772877791225","0.8451770412338894","0.6740979851109759","0.6190494145522096","0.7026984062314958","0.4368486135537526","0.38594880415061344","0.4854155595607056","0.12374634158497111","0.10587462301420338","0.15758032408317219"
"36","0.9013726891792857","0.8796940418099709","0.9240721636493748","0.8316312269138433","0.825690676394321","0.8465665762888418","0.6745811787054228","0.6154514198689726","0.6997831986562889","0.4393065578136974","0.39253055469652226","0.4904598043675419","0.1268106869419346","0.10747206506974032","0.1638646863784318"
"37","0.8964508907591877","0.8746495772246544","0.9207555775302911","0.829818183438908","0.8189441610725744","0.8447697061614342","0.6714653936809197","0.6135610114956266","0.6974574613396606","0.43363365048308483","0.38156450803268954","0.4837590824413092","0.12261165837881063","0.09867627825987782","0.15192636435773754"
"38","0.89462346107505","0.8696547588209352","0.9169350646179035","0.8264053956412678","0.818053497188734","0.8439270913130353","0.6664145434620068","0.6081282717177082","0.6976710441785946","0.43547289708707027","0.3819026987141375","0.48481429581851215","0.12387392750907752","0.09937714490744085","0.1550081902773028"
"39","0.8959150765643662","0.8729318267699256","0.9197139228912213","0.8294739833745963","0.8196178144397742","0.8443493056179815","0.6716026150714327","0.6183847547320979","0.6928426526964526","0.4348816606190825","0.37393769041153607","0.4915146694446666","0.1268109496755901","0.11265110430629657","0.16078514626081566"
"40","0.8974699645286144","0.8713234248104853","0.9194802008177609","0.8300442606583955","0.8201349538522629","0.8437648432229067","0.6709179830257337","0.61560573591594","0.6979556986846617","0.43136507614812725","0.37597732147834767","0.49023012353754564","0.12374140038248779","0.10183058997668736","0.16426964768433394"
"41","0.8963287198791605","0.867284740940722","0.9196734485327449","0.8291103037393869","0.8244506656714994","0.8445511082324201","0.6712841387070996","0.6107292420149258","0.6935162137603103","0.43115696883065285","0.3623897002272199","0.48706684654423155","0.12643147273757177","0.09757184987299092","0.16264098196513452"
"42","0.8951474316950309","0.8698501375182034","0.9211540268611924","0.82818809249943","0.8206450046507634","0.8406434165390803","0.6712073915374174","0.6193396408685411","0.6890361589560825","0.43336764773138076","0.3688203206740551","0.4809220010220841","0.1259328279533371","0.10302247238576294","0.16551113695351666"
"43","0.8976332500963631","0.8745197375678476","0.9164840008342162","0.8264745294570404","0.8189598464088347","0.8420646784835326","0.670949233528719","0.614782420087072","0.6898708434187227","0.4338580986461846","0.3771364468233668","0.481904452680132","0.12656796245893848","0.1002602672136057","0.17911027124344478"
"44","0.894001307035853","0.8726358290477465","0.9172399252901114","0.8296168605216835","0.823889225941536","0.8442000838842632","0.6739343594839988","0.6218249856712282","0.6932293190241425","0.4368433509841264","0.38052041573915607","0.48686102501070466","0.12692654837178402","0.10696217827995007","0.16894618403679873"
"45","0.8955286413136554","0.8705972513008781","0.9197046640378291","0.8291886370792156","0.82187769563908","0.844819019825646","0.6724910679136722","0.6173018401524678","0.6917156749218255","0.4332787499692536","0.37506111182589247","0.47753587187573926","0.1235844948826231","0.0972153618227629","0.17502027891196592"
"46","0.8941023857571645","0.8714946730247776","0.91497124359608","0.8263981384521706","0.8205795959915951","0.8367693068594307","0.673557598676721","0.6243817160532238","0.6943858297393088","0.43701382989614695","0.3852281562724654","0.48436448023500617","0.12520810758346373","0.10097616299893665","0.1603358677296015"
"47","0.8963517454710332","0.86602581856812","0.9188738024045829","0.8282265419715806","0.8217411231741476","0.8451591679783687","0.6713029196940201","0.6160268142648317","0.689839631032829","0.43377072902000274","0.37412758216288744","0.4837839078090932","0.12684238706489886","0.10443837445544243","0.17301275950331868"
"48","0.8953170404852481","0.8722786473554781","0.9172361097009418","0.8284920354106253","0.8242285310668327","0.8367238333628131","0.6744712482559223","0.6189717463160987","0.6996487509818264","0.43276246774725424","0.37578803577777176","0.48420805653013677","0.12669271528451242","0.10302455832639269","0.1719325418392462"
"49","0.8926511987422014","0.8695256975155324","0.916246787034017","0.8274629885043063","0.8226243318676276","0.840431274048482","0.6727317674150917","0.6174255884671371","0.695584891688018","0.43503689476396135","0.3897922946494739","0.4797169411167463","0.12401895240194412","0.10678161600223927","0.15748199845394145"
"50","0.9027222382175704","0.8812874761429539","0.9198374026397031","0.8279123388018179","0.8207471293330535","0.8426460475862448","0.670436730032705","0.615237743685903","0.6954885941018882","0.4363189458451776","0.3755152807844227","0.47629714991994965","0.11484661112676917","0.10209416637784274","0.1224558961642235"
"51","0.9014079038188233","0.8749711858149821","0.9191813960120943","0.8263350309720013","0.8217485112089897","0.8384483897578908","0.6698558943547253","0.6154997298774348","0.6954215450552343","0.4321366224601533","0.3779318119810106","0.4764109357506323","0.10982706755968177","0.10148773968167693","0.1187709752830476"
"52","0.8995892983081226","0.871901388276345","0.9164966182297521","0.8291531677956422","0.8225718438746696","0.8414529669342664","0.6711192364943379","0.6220994281904304","0.6961392539199528","0.4347239252832695","0.3784983494462498","0.4847671732131631","0.11422138119087757","0.10603425089965457","0.12501206639706505"
"53","0.9003109112583884","0.8765933538202396","0.9148054350957868","0.831811448444109","0.8253399111621469","0.8419995868146868","0.6720494496520995","0.6166332756884007","0.6988392026885616","0.43844271577438443","0.37407042833885495","0.4816100276838859","0.11712014770421228","0.1133028796427764","0.12377021296072148"
"54","0.9008279727358983","0.8740319359312807","0.9153101879091298","0.8274231247433808","0.8196180422397756","0.8431868711224777","0.6705701726061193","0.6211646221095813","0.6874220957378785","0.43606142700703443","0.37685526116773277","0.47568423152725114","0.11770723145036986","0.11179754022612585","0.12330875024572548"
"55","0.9004962413569675","0.8744049971794446","0.917731979641749","0.8311618788112018","0.8234794488401279","0.8445091588663012","0.6725334784279559","0.6181901187885425","0.6925626587505446","0.43683050218699393","0.3764940017832231","0.47737010102007643","0.11812223080279181","0.11228414267885384","0.12807654332160462"
"56","0.8988961738944307","0.8697699477700322","0.9158020140906072","0.8287901463279235","0.8214049666400102","0.8417179293542019","0.669879208268036","0.6157740987055167","0.6909375447481376","0.4335576435476698","0.37249346758745094","0.48434677471699333","0.1158584384837074","0.11098498990467134","0.1219836560088306"
"57","0.9002482927180774","0.8708671853923949","0.9178894317226656","0.8307571967618042","0.825289798457862","0.8410731612520038","0.6724203864118149","0.6233235961706877","0.6961596784449547","0.437315201217631","0.3810021949064958","0.4855801036817737","0.12304155311266857","0.11568697815573747","0.13232604801759115"
"58","0.8992226977507474","0.8693762860426356","0.9178981406167668","0.8298280186041884","0.8213954090711569","0.8461743104202195","0.6703987705761507","0.6138077083326069","0.6952541728992203","0.43807746637966016","0.3858367796792353","0.4803358085578517","0.11738654508969741","0.11264491230949326","0.12384230472178102"
"59","0.9017539546183615","0.8728877917027703","0.9197710940374918","0.828426766671931","0.8206486964421081","0.8436966510850628","0.6682267801143538","0.6149134999586316","0.6889929665498978","0.43351320971221874","0.3749208887358141","0.4810883911990894","0.11810131264973128","0.10817230796670588","0.12617991216716465"
"60","0.8979084794842268","0.8660260439909244","0.9148255533817965","0.8274485945546277","0.8176225160862713","0.8386789082657602","0.6687647856474873","0.6135125424840872","0.6894699925897717","0.4299681626120447","0.37155082765183006","0.4748754312731774","0.1141072966281862","0.09989739402641724","0.12339249555319258"
"61","0.8981941173405044","0.873317750769788","0.9147735030253739","0.8277440000589684","0.819760831990519","0.8391294826355238","0.669770134947589","0.6176427693102337","0.6969980611923156","0.42921564122596034","0.3771174260783575","0.47517588212411876","0.11525177482873829","0.10840563443434993","0.12173617757075399"
"62","0.8958000976131","0.8631519292788935","0.9157949767326001","0.8289546325915269","0.8228119465995893","0.8413476853472152","0.667829914928776","0.6203811265122573","0.6852757693127279","0.43471473564521146","0.3826719710259471","0.47831136620336007","0.11913089397973296","0.11389173213883878","0.1287028472306584"
"63","0.9016853501621236","0.8798495585141416","0.9142055697670043","0.8283871920516018","0.8241018006628869","0.837590008792174","0.6688957964125495","0.6214475452187085","0.6900215476848376","0.43406326586146804","0.37644313528938833","0.48227451189617576","0.11564251140553444","0.10243249534842304","0.1263989697818068"
"64","0.9011880097915275","0.8779624807902812","0.9186025035847875","0.8296091037377109","0.8214077897860157","0.8412640053280432","0.6660187607774043","0.6097997945983501","0.6893543211687763","0.4308775125953868","0.36828939511336295","0.4816524813463633","0.11447868026651631","0.10141216154907669","0.1218454767844656"
"65","0.9001485131588051","0.8695229479952491","0.9172446645463236","0.8286554067648506","0.8210118992901613","0.8415374022955372","0.6683565020077402","0.6188927028408728","0.6866866199443878","0.4301785858162186","0.37334153821766863","0.47827113301984325","0.11412570269896494","0.11039261484489948","0.12387225366208941"
"66","0.8992614618345958","0.8703925249306242","0.914988525488337","0.8304788022724352","0.8257208694125039","0.8373812143925674","0.6702051161035639","0.6204601344704216","0.693668314302799","0.43236303282553645","0.37446659880907207","0.48672813802617604","0.11497117660327227","0.10273932698070085","0.12348708192294834"
"67","0.9001572376111369","0.8710895048935632","0.9157241015968336","0.8282388449433548","0.8215002152777606","0.8416131623080899","0.6697768552517929","0.6235375007845123","0.6891353074540335","0.43305677690597455","0.3762942429079174","0.4769989453796279","0.11304795974280378","0.10553959283739897","0.12182082932444478"
"68","0.9016208483986675","0.8739061705153635","0.9158914457782854","0.8288431832675869","0.8222511901355436","0.8425339034206756","0.6700259545550719","0.6214333804510543","0.688955694688772","0.4332042943802264","0.3824830531406186","0.4765247458931097","0.11635479049014656","0.1068340375160397","0.1235125936382377"
"69","0.9003721909600897","0.8772980645276908","0.9158396824885957","0.8266703804979901","0.8154594486227926","0.8392685934608692","0.6687896516684534","0.6182022016083109","0.6905321100984467","0.4321489882018173","0.37508672145965327","0.4832071065548318","0.11532498801076978","0.10694778534991595","0.12108661717806612"
"70","0.9007345247502074","0.8710177447126544","0.9167367433562468","0.8306028682640005","0.8264955849973654","0.8409354129560285","0.6683781370294908","0.612941419182827","0.6899570325015394","0.4343570139413182","0.3742519321042358","0.4837190087768588","0.11778327715825535","0.10645161045815374","0.12577802900987858"
"71","0.901917165346419","0.876918000539447","0.9166205534863456","0.8278108354024276","0.8195273247813611","0.8377667510921177","0.6674283665964051","0.6138271036148956","0.6921139958930724","0.42791132837781476","0.37122361085425626","0.47345132088407127","0.11284289041081093","0.10281972365144167","0.12397053609817209"
"72","0.8997377813595744","0.8731520791451909","0.9165125559306501","0.8296883148302023","0.8255002714319165","0.8399348774275426","0.6698913072881465","0.6202788852403589","0.6945135228446773","0.43102000689929965","0.37085841633894673","0.48703503300964884","0.11135592149746176","0.09590134126116237","0.1246633763554379"
"73","0.8998771644008676","0.8756737984535551","0.916067811331376","0.828145678124738","0.8246210405854698","0.8378615972948623","0.6709216362072594","0.6212597480757788","0.6977026292451398","0.43421993698706207","0.3805636576718249","0.48798649367899444","0.11854330422984222","0.1129121442004355","0.12408508853003217"
"74","0.8989795750252808","0.8744141153661258","0.9174434766817426","0.8267248279501263","0.8203288272624181","0.8391886040783877","0.6696068117933506","0.6232355072245678","0.6933127144942448","0.43342239980061353","0.38582179306359077","0.4844906437901539","0.1152908990285336","0.10363841218310053","0.12607887949401972"
"75","0.8982901235645521","0.8695691301742179","0.91574317677831","0.8277520990224483","0.8171285327067417","0.8402311743348241","0.6674802440346232","0.609179040610785","0.6957143112845322","0.4296880562514911","0.3718829048188066","0.478183564309521","0.1115683807710865","0.09810615346223657","0.12476424751300416"
"76","0.9003625713033865","0.8721753850253998","0.9172757300149946","0.8283621957336367","0.8227411726108482","0.8388039759789934","0.6692416201322507","0.6234822983254705","0.6885762935428642","0.43371096544474735","0.3891523895793303","0.4783786120332435","0.11382937697606137","0.1012280168037478","0.12815572963771077"
"77","0.9007132633391699","0.8713096713171478","0.9140895370480464","0.8277202835565933","0.8223476089866254","0.8391332714627492","0.6654139532894997","0.60873453429648","0.6898544142338101","0.43539090597666585","0.38882575967893646","0.48637003599793927","0.11762163402051493","0.10765762124710787","0.12849396831734056"
"78","0.8968509600390326","0.8700699309908282","0.9160714711170342","0.8281936748444083","0.8226135450405576","0.8381655011728332","0.6707371772191224","0.624868475898617","0.6909674019416461","0.43569043674101277","0.39009461753765384","0.48507122645469636","0.11526181341545308","0.09712680338085936","0.13090476691867634"
"79","0.8981951282107906","0.8763500221218906","0.9171347411694867","0.8261324577572446","0.8178464584204813","0.8384246442601124","0.6686761963317607","0.6144758328130837","0.6970856129126041","0.43654278928279133","0.39664998508907434","0.48265486897413956","0.11465421087245846","0.1033547549690709","0.12856393164182134"
"80","0.8983251555125951","0.8697614356670109","0.9155056616612123","0.8276863303805395","0.8219124233618333","0.8418142626922502","0.6650610084589117","0.6091000016266169","0.6904654958034022","0.43784907181991567","0.3965620638710763","0.4834207625090063","0.1143448157442761","0.10477810819825543","0.12641857841477497"
"81","0.8996568806410994","0.8698240820648971","0.9203632467959629","0.827353604825925","0.8180310887878024","0.8440901915073667","0.6664236103717224","0.6142987368000064","0.6895911210198071","0.4328846352469897","0.3794672039344636","0.48879593321405873","0.11398729763387788","0.09647282996253428","0.1295530869068456"
"82","0.9018007251828645","0.8750085763042347","0.9178037970877427","0.8276788469233523","0.8189620859130351","0.8408658558775667","0.6661833516230363","0.6097192207369523","0.6913586678502852","0.43458563030797526","0.39232155539435537","0.47845249351892627","0.11127550680152223","0.0997362009618138","0.12347610479494191"
"83","0.9010672050634658","0.8761269391301669","0.9202964377839442","0.8299713323198443","0.8237563902656052","0.8427691441473437","0.6719079013891779","0.624117747847426","0.7002413997176098","0.43868034979197146","0.39937070321979085","0.4850356656971272","0.11688288853518508","0.10290251246167698","0.1272615137277694"
"84","0.8976458144362365","0.866650778474622","0.9180245165214262","0.8258314593987579","0.8201905511844501","0.8387107514321549","0.6684221126193977","0.6151965793307211","0.6960701104283119","0.43819079777264563","0.3956531558632954","0.49231043239662037","0.11629098429618161","0.10739605353241376","0.1277514092288205"
"85","0.8968613267198431","0.8696802699806483","0.9180152742098981","0.8277568082625059","0.822236297939677","0.8408920936570552","0.6680756926087996","0.6153341747163018","0.6923388297023378","0.43744449131476526","0.4005123298749407","0.4853287332545704","0.11736255388283834","0.10518647225815662","0.1282476479588425"
"86","0.8986761383183197","0.874375524736801","0.9168953281178291","0.8253264558575168","0.8194319954812137","0.8396261370184722","0.6689776838962493","0.6231747748780029","0.6919187247302498","0.4365262373503329","0.3919329945557334","0.48592271292186534","0.11236042661755574","0.09135581043362392","0.12873339468132608"
"87","0.9009417835696981","0.8750585421541295","0.9152099889180132","0.8286817628981317","0.8214196106012542","0.8382289324780839","0.6710973804437199","0.6251394392967352","0.6942982719114889","0.4371002926489018","0.3950720380253772","0.4840189788361004","0.11606182011511006","0.10088016711258746","0.12783953480612714"
"88","0.8992184202848623","0.8754815775317246","0.9148764584217269","0.8258886588203427","0.8208862048754519","0.8352216788073681","0.6686127121658807","0.6177252016014954","0.696155975221069","0.4361403280796287","0.3949852763730922","0.48761228231474807","0.11845399636077038","0.1062742235865354","0.13019427294512026"
"89","0.9011747376578229","0.8779096521040421","0.915873161043732","0.8273034227761795","0.8226340957167555","0.8398239088222551","0.6665482651432061","0.6136350371089629","0.695175346546343","0.4311756138422832","0.38190248271138166","0.484585851691756","0.11413360574089351","0.09981766458271836","0.1316264033700583"
"90","0.8989338208079584","0.8738080161040805","0.9152860470942309","0.8255877348894332","0.8196338457240008","0.8378290734751407","0.6705116200841572","0.6224996808927838","0.6972348257371304","0.43670914052946763","0.39788493519656454","0.48035874108025467","0.11684061603201017","0.11080871473034337","0.12898247246110123"
"91","0.8984734405526404","0.8728930662803587","0.9144941412394982","0.8249127629832235","0.8191878171394509","0.8389411916933707","0.6677915190040726","0.6160756537071261","0.6919504556574255","0.4352051717485491","0.3898615423478533","0.4851492502979163","0.1160530572122018","0.10605112510987476","0.13085645655378908"
"92","0.8979808962585129","0.8722154220240503","0.9163694257329073","0.8257812985732124","0.8163323695029268","0.8386750991229642","0.667227304851921","0.6086721619175408","0.6941614676136466","0.4334387818635882","0.3847187785111342","0.4861949062954222","0.11448898126966339","0.10118953693877","0.1273503494423087"
"93","0.8962953554438594","0.8729289617974043","0.91314407270582","0.8255095448544054","0.8209980417021143","0.8360887900411778","0.6666736837089122","0.6120133750331768","0.6899372110655251","0.4317873783922336","0.3832225313025192","0.48533455344219545","0.11626687222444435","0.10325821866622698","0.13315375613156305"
"94","0.8988343705698119","0.8740531720686577","0.915001302475145","0.8254482944028899","0.8204286044484717","0.8368258888269825","0.6681906404460121","0.6142493450795932","0.6936580861016186","0.4339595850748742","0.38592046703041155","0.4855269105809674","0.11529301947662021","0.10148646399974258","0.1316966407756446"
"95","0.8977594346369937","0.8710403339832331","0.9149839422833311","0.8265924246024647","0.8205900495740042","0.8370007579078123","0.6692130340074613","0.61275055963359","0.7013442201473127","0.43479954218002415","0.38097121012538143","0.49252876501735227","0.11539554731814428","0.09979662092993181","0.13249895257177252"
"96","0.8988729132199782","0.8746796690106071","0.9167888095018267","0.824378239974092","0.8160669397200471","0.8376854108808583","0.6673546680400457","0.6159554739115058","0.6869048837573181","0.43544755211994834","0.38253569069214904","0.49109357757767624","0.11608719319446571","0.10233329163046344","0.12938216632870125"
"97","0.8962393869351628","0.870325194739626","0.9149886711098086","0.8248871775801467","0.8201899258273793","0.8379091328348763","0.6684653283222226","0.618038242162689","0.6944047272889664","0.43247134485042577","0.37844160604084165","0.48804796788149035","0.11479556134239378","0.1042379775755437","0.12928044634383756"
"98","0.8978208004935965","0.8746956327446491","0.9171336268882095","0.8248370868412728","0.815040789677835","0.8406301567338469","0.6672488727963239","0.6133979714561512","0.6891003787859438","0.4330912069760015","0.3774396391950448","0.48497864451096034","0.11541114532416552","0.10029354346578989","0.13306660783502255"
"99","0.8977735267083792","0.8725790715740842","0.9165407652254488","0.8246636890040805","0.8174733315002766","0.8378451236989483","0.6676332548753314","0.6126939976972028","0.6932815144909363","0.43296520200859767","0.3798862799545401","0.48517771705010565","0.11360202313363339","0.10112403906747602","0.1291235626145208"
"100","0.897316818999527","0.8709159651261628","0.9140781534117136","0.8240896077810422","0.8159883995963843","0.838226138540227","0.6673854160617919","0.6170846972980286","0.688160241586984","0.43283484930122385","0.382379854101472","0.483335467750877","0.11549720927123805","0.1022430709893832","0.13081353203434806"